from,to,time,,,,,,,
hn,stm,1796,,,,,,,
hn,sdg,1796,,,,,,,
ax,sag,1797,,,,,,,
ax,sha,1797,,,,,,,
lo,kge,1796,,,,,,,
lo,st,1796,,,,,,,
lo,sha,1796,,,,,,,
lo,bmb,1798,,,,,,,
pm,bng,1796,,,,,,,
pm,mrs,1796,,,,,,,
pm,cgh,1796,,,,,,,
pm,cta,1796,,,,,,,
eoa,bmb,1797,,,,,,,
eoa,sha,1797,,,,,,,
eoa,ggg,1797,,,,,,,
tc,cta,1797,,,,,,,
tc,sha,1797,,,,,,,
ssl,mrs,1797,,,,,,,
ssl,cgh,1797,,,,,,,
ssl,cta,1797,,,,,,,
ssl,pag,1797,,,,,,,
ssl,sag,1797,,,,,,,
ssl,sha,1797,,,,,,,
ctt,ggg,1797,,,,,,,
ctt,sha,1797,,,,,,,
tms,sha,1797,,,,,,,
tms,aba,1797,,,,,,,
tms,ggg,1797,,,,,,,
tms,cgh,1797,,,,,,,
npt,bmb,1797,,,,,,,
npt,khi,1797,,,,,,,
npt,mlc,1797,,,,,,,
npt,ggg,1797,,,,,,,
npt,sha,1797,,,,,,,
crs,mrs,1796,,,,,,,
cfn,ggg,1797,,,,,,,
cfn,cgh,1797,,,,,,,
cfn,sha,1797,,,,,,,
pch,mrs,1796,,,,,,,
pch,tm,1797,,,,,,,
pch,sha,1797,,,,,,,
wrl,bmb,1797,,,,,,,
wrl,tcy,1797,,,,,,,
wrl,khi,1797,,,,,,,
wrl,ggg,1797,,,,,,,
wrl,sha,1797,,,,,,,
brw,bmb,1795,,,,,,,
brw,tcy,1795,,,,,,,
brw,cta,1795,,,,,,,
brw,bmb,1796,,,,,,,
mdd,sha,1797,,,,,,,
mdd,cgh,1797,,,,,,,
mdd,cta,1797,,,,,,,
mdd,sag,1797,,,,,,,
ntld,bng,1797,,,,,,,
ntld,cgh,1797,,,,,,,
et,mrs,1797,,,,,,,
et,bmb,1800,,,,,,,
lc,mrs,1780,,,,,,,
lc,mlc,1780,,,,,,,
pg,sha,1782,,,,,,,
pg,mrs,1783,,,,,,,
pg,bng,1783,,,,,,,
hr,cta,1795,,,,,,,
it,bng,1794,,,,,,,
it,mrs,1794,,,,,,,
it,cta,1795,,,,,,,
ir,bmb,1818,,,,,,,
ccr,waa,1795,,,,,,,
ccr,waa,1797,,,,,,,
my,mrs,1796,,,,,,,
ly,bbs,1795,,,,,,,
hl,cgh,1796,,,,,,,
un,waa,1796,,,,,,,
ls,cta,1795,,,,,,,
ls,dh,1795,,,,,,,
ls,sha,1795,,,,,,,
ls,rs,1795,,,,,,,
ls,cgh,1796,,,,,,,
ma,bbs,1795,,,,,,,
ma,de,1797,,,,,,,
oc,st,1796,,,,,,,
oc,dh,1796,,,,,,,
oc,cta,1796,,,,,,,
oc,bng,1798,,,,,,,
pf,bng,1797,,,,,,,
tr,cgh,1796,,,,,,,
tr,sha,1796,,,,,,,
wb,cgh,1796,,,,,,,
wb,mrs,1796,,,,,,,
wb,bng,1796,,,,,,,
wb,kge,1797,,,,,,,
wb,dh,1797,,,,,,,
wb,ck,1798,,,,,,,
fr,bng,1796,,,,,,,
fr,st,1796,,,,,,,
fr,sto,1796,,,,,,,
fr,cgh,1796,,,,,,,
fr,bng,1797,,,,,,,
fr,mrs,1797,,,,,,,
fr,cta,1797,,,,,,,
fr,sag,1798,,,,,,,
fr,cgh,1798,,,,,,,
fr,sha,1798,,,,,,,
hr,cgh,1797,,,,,,,
hr,mrs,1797,,,,,,,
hr,cta,1798,,,,,,,
ha,cgh,1797,,,,,,,
ha,waa,1797,,,,,,,
ha,bt,1797,,,,,,,
ha,cgh,1797,,,,,,,
maa,bng,1796,,,,,,,
maa,cgh,1796,,,,,,,
maa,cta,1797,,,,,,,
maa,kge,1797,,,,,,,
maa,pag,1797,,,,,,,
maa,cgh,1797,,,,,,,
maa,sha,1798,,,,,,,
pw,cgh,1796,,,,,,,
pw,pj,1796,,,,,,,
pw,waa,1796,,,,,,,
radl,ango,1796,,,,,,,
sy,bob,1796,,,,,,,
sy,ch,1796,,,,,,,
gh,bmb,1796,,,,,,,
gh,mrs,1796,,,,,,,
et,mrs,1797,,,,,,,
et,ch,1797,,,,,,,
et,pag,1798,,,,,,,
et,mlc,1798,,,,,,,
et,waa,1798,,,,,,,
et,sha,1798,,,,,,,
qu,sag,1795,,,,,,,
qu,mrs,1795,,,,,,,
qu,sha,1795,,,,,,,
qu,sha,1796,,,,,,,
qu,cgh,1796,,,,,,,
qu,bc,1796,,,,,,,
qu,mrs,1797,,,,,,,
qu,bc,1797,,,,,,,
qu,dh,1797,,,,,,,
qu,sag,1797,,,,,,,
qu,bc,1798,,,,,,,
mal,bmb,1996,,,,,,,
mal,cgh,1996,,,,,,,
mal,tcy,1996,,,,,,,
mal,khi,1996,,,,,,,
mal,sha,1996,,,,,,,
loa,ks,1798,,,,,,,
jj,bmb,1798,,,,,,,
oc,cgh,1796,,,,,,,
oc,dh,1796,,,,,,,
oc,cta,1796,,,,,,,
oc,kge,1796,,,,,,,
oc,tm,1796,,,,,,,
oc,sha,1796,,,,,,,
op,bng,1798,,,,,,,
op,mrs,1798,,,,,,,
sc,mrs,1798,,,,,,,
sc,cgh,1798,,,,,,,
th,sha,1796,,,,,,,
th,ch,1796,,,,,,,
th,cgh,1796,,,,,,,
wa,mrs,1798,,,,,,,
wa,bng,1798,,,,,,,
wa,dh,1798,,,,,,,
dc,cgh,1798,,,,,,,
dc,mrs,1798,,,,,,,
dc,sha,1798,,,,,,,
ld,bng,1798,,,,,,,
cc,bng,1797,,,,,,,
cc,cta,1797,,,,,,,
cc,mrs,1797,,,,,,,
as,mrs,1796,,,,,,,
as,bng,1796,,,,,,,
as,bmb,1796,,,,,,,
as,kge,1796,,,,,,,
asi,cgh,1796,,,,,,,
asi,sha,1796,,,,,,,
asi,bng,1796,,,,,,,
asi,roo,1796,,,,,,,
asi,tm,1796,,,,,,,
asi,sha,1796,,,,,,,
gan,sha,1797,,,,,,,
gan,bc,1797,,,,,,,
gan,waa,1798,,,,,,,
gan,cgh,1798,,,,,,,
gan,sha,1798,,,,,,,
gan,bmb,1800,,,,,,,
gan,anjo,1800,,,,,,,
gan,pag,1800,,,,,,,
gan,colo,1800,,,,,,,
gan,sha,1800,,,,,,,
gan,waa,1805,,,,,,,
gan,mrs,1805,,,,,,,
gan,bng,1805,,,,,,,
gan,ch,1805,,,,,,,
gan,bmb,1805,,,,,,,
wld,bng,1800,,,,,,,
mdw,cta,1801,,,,,,,
miv,mrs,1795,,,,,,,
miv,bng,1795,,,,,,,
miv,dh,1795,,,,,,,
miv,cb,1795,,,,,,,
stca,kge,1802,,,,,,,
stca,sag,1802,,,,,,,
stca,sha,1802,,,,,,,
yns,cgh,1799,,,,,,,
yns,cgh,1801,,,,,,,
tts,mrs,1796,,,,,,,
tts,dh,1796,,,,,,,
tts,cgh,1797,,,,,,,
tts,bng,1797,,,,,,,
tts,pdg,1797,,,,,,,
tts,colo,1797,,,,,,,
tts,tm,1797,,,,,,,
tts,dh,1798,,,,,,,
tts,cta,1798,,,,,,,
min,rdj,1801,,,,,,,
min,pj,1801,,,,,,,
min,waa,1802,,,,,,,
min,mac,1802,,,,,,,
nil,rdj,1801,,,,,,,
nil,pj,1801,,,,,,,
nil,waa,1802,,,,,,,
nil,aba,1802,,,,,,,
nil,cgh,1802,,,,,,,
nil,sha,1802,,,,,,,
pers,rdj,1802,,,,,,,
pers,cgh,1802,,,,,,,
pers,pj,1802,,,,,,,
ruby,sulu,1800,,,,,,,
ruby,mnd,1800,,,,,,,
ruby,amu,1800,,,,,,,
ruby,aba,1800,,,,,,,
mwl,mrs,1800,,,,,,,
mwl,pag,1800,,,,,,,
mwl,mlc,1800,,,,,,,
mwl,waa,1800,,,,,,,
mwl,sha,1800,,,,,,,
mwle,mrs,1802,,,,,,,
mwl,dh,1802,,,,,,,
mwl,kge,1802,,,,,,,
mwl,pag,1802,,,,,,,
mwl,mrs,1802,,,,,,,
mwl,mrs,1803,,,,,,,
mwl,sha,1803,,,,,,,
mwl,mrs,1804,,,,,,,
mwl,dh,1804,,,,,,,
mwl,sag,1804,,,,,,,
mwl,mrs,1804,,,,,,,
mwl,pag,1804,,,,,,,
mwl,ache,1804,,,,,,,
mwl,mrs,1804,,,,,,,
mwl,vzg,1804,,,,,,,
mwl,msp,1805,,,,,,,
mcw,bmb,1803,,,,,,,
mcw,bmb,1804,,,,,,,
phx,mrs,1786,,,,,,,
phx,dh,1786,,,,,,,
phx,cta,1786,,,,,,,
phx,sag,1786,,,,,,,
phx,sha,1787,,,,,,,
phx,cgh,1788,,,,,,,
phx,sto,1791,,,,,,,
phx,kge,1791,,,,,,,
phx,cb,1792,,,,,,,
hln,cta,1801,,,,,,,
hln,kge,1801,,,,,,,
hln,bc,1801,,,,,,,
hln,sha,1801,,,,,,,
hln,bmb,1802,,,,,,,
hln,bng,1802,,,,,,,
hln,knk,1802,,,,,,,
hln,bc,1802,,,,,,,
eom,kge,1800,,,,,,,
eom,st,1800,,,,,,,
eom,sha,1800,,,,,,,
lbg,mrs,1800,,,,,,,
lbg,dh,1800,,,,,,,
lbg,kge,1800,,,,,,,
lbg,sag,1800,,,,,,,
lbg,sha,1800,,,,,,,
lbg,mrs,1802,,,,,,,
lbg,bng,1802,,,,,,,
lbg,dh,1802,,,,,,,
lbg,sag,1803,,,,,,,
lbg,sha,1803,,,,,,,
lbg,sha,1804,,,,,,,
lbg,bng,1804,,,,,,,
lbg,kge,1804,,,,,,,
lbg,sag,1805,,,,,,,
lbg,sha,1805,,,,,,,
lnn,mrs,1800,,,,,,,
lnn,pag,1800,,,,,,,
lnn,mlc,1800,,,,,,,
lnn,waa,1800,,,,,,,
lnn,sha,1801,,,,,,,
lnn,dh,1804,,,,,,,
lnn,sag,1805,,,,,,,
lnn,mrs,1805,,,,,,,
lnn,sha,1805,,,,,,,
sad,cgh,1799,,,,,,,
chn,mrs,1799,,,,,,,
chn,dh,1799,,,,,,,
chn,sag,1800,,,,,,,
chn,sha,1800,,,,,,,
chn,mrs,1801,,,,,,,
chn,dh,1801,,,,,,,
chn,sag,1801,,,,,,,
chn,vzg,1802,,,,,,,
chn,kkd,1802,,,,,,,
chn,nsp,1802,,,,,,,
chn,dh,1803,,,,,,,
chn,sha,1804,,,,,,,
cen,kge,1800,,,,,,,
cen,sag,1801,,,,,,,
cen,vzg,1801,,,,,,,
cen,cgh,1801,,,,,,,
cen,sha,1801,,,,,,,
cen,cgh,1802,,,,,,,
cen,mrs,1803,,,,,,,
cen,sha,1803,,,,,,,
esv,mrs,1800,,,,,,,
esv,waa,1800,,,,,,,
esv,sha,1801,,,,,,,
esv,bmb,1802,,,,,,,
esv,anj,1802,,,,,,,
esv,tcy,1803,,,,,,,
esv,sha,1803,,,,,,,
esv,bmb,1804,,,,,,,
esv,cnn,1804,,,,,,,
esv,svd,1804,,,,,,,
esv,knk,1804,,,,,,,
esv,bmb,1804,,,,,,,
esv,tcy,1805,,,,,,,
esv,anj,1805,,,,,,,
esv,sha,1805,,,,,,,
wlm,mrs,1800,,,,,,,
wlm,pag,1800,,,,,,,
wlm,mlc,1800,,,,,,,
wlm,waa,1800,,,,,,,
wlm,sha,1801,,,,,,,
wlm,mrs,1802,,,,,,,
wlm,dh,1802,,,,,,,
wlm,sag,1802,,,,,,,
wlm,sha,1803,,,,,,,
wlm,colo,1804,,,,,,,
wlm,pdg,1804,,,,,,,
wlm,ccc,1804,,,,,,,
wlm,srt,1804,,,,,,,
wlm,bmb,1804,,,,,,,
wlm,tcy,1805,,,,,,,
wlm,anj,1805,,,,,,,
wlm,pdg,1805,,,,,,,
wlm,sha,1805,,,,,,,
hhl,sha,1800,,,,,,,
hhl,waa,1801,,,,,,,
hhl,sha,1801,,,,,,,
hhl,mrs,1803,,,,,,,
hhl,dh,1803,,,,,,,
hhl,sag,1804,,,,,,,
hhl,bng,1804,,,,,,,
hhl,pag,1804,,,,,,,
hhl,sha,1804,,,,,,,
arr,cgh,1801,,,,,,,
arr,cta,1802,,,,,,,
arr,sha,1802,,,,,,,
arr,cta,1805,,,,,,,
arr,mrs,1805,,,,,,,
atm,mrs,1801,,,,,,,
atm,bng,1801,,,,,,,
atm,cta,1801,,,,,,,
atm,kge,1801,,,,,,,
atm,cgh,1802,,,,,,,
bnl,kge,1800,,,,,,,
bnl,sag,1801,,,,,,,
bnl,sha,1801,,,,,,,
bnl,mrs,1802,,,,,,,
bnl,dh,1802,,,,,,,
bnl,sag,1802,,,,,,,
bnl,mrs,1802,,,,,,,
bnl,colo,1802,,,,,,,
bnl,sha,1803,,,,,,,
bnl,mrs,1804,,,,,,,
bnl,dh,1804,,,,,,,
fsp,cta,1797,,,,,,,
fsp,sag,1798,,,,,,,
fsp,cgh,1798,,,,,,,
fsp,sha,1798,,,,,,,
fsp,pj,1800,,,,,,,
fsp,mlc,1800,,,,,,,
fsp,pag,1800,,,,,,,
fsp,dh,1800,,,,,,,
fsp,cta,1800,,,,,,,
fsp,sag,1800,,,,,,,
fsp,sha,1801,,,,,,,
hped,waa,1798,,,,,,,
hped,sha,1798,,,,,,,
hped,pag,1799,,,,,,,
hped,waa,1800,,,,,,,
hped,sha,1800,,,,,,,
hoe,mrs,1801,,,,,,,
hoe,pag,1801,,,,,,,
hoe,waa,1801,,,,,,,
hoe,sha,1802,,,,,,,
hoe,waa,1803,,,,,,,
hoe,sha,1803,,,,,,,
inc,cta,1801,,,,,,,
inc,sha,1801,,,,,,,
inc,dh,1801,,,,,,,
whm,mrs,1800,,,,,,,
whm,rdj,1803,,,,,,,
whm,cgh,1802,,,,,,,
exm,bmb,1803,,,,,,,
exm,sha,1803,,,,,,,
exm,mda,1804,,,,,,,
exm,bmb,1804,,,,,,,
exm,tcy,1805,,,,,,,
exm,anj,1805,,,,,,,
fam,bng,1802,,,,,,,
fam,bc,1802,,,,,,,
fam,cta,1802,,,,,,,
fam,kge,1802,,,,,,,
fam,pag,1803,,,,,,,
fam,bc,1803,,,,,,,
fam,sha,1803,,,,,,,
fam,mrs,1804,,,,,,,
fam,bng,1804,,,,,,,
fame,mda,1804,,,,,,,
fam,mrs,1804,,,,,,,
fam,msp,1804,,,,,,,
fam,cta,1804,,,,,,,
fam,kge,1804,,,,,,,
fam,mrs,1805,,,,,,,
fam,sha,1805,,,,,,,
mcw,sha,1803,,,,,,,
mcw,sha,1804,,,,,,,
uk,mrs,1802,,,,,,,
uk,dh,1802,,,,,,,
uk,sag,1803,,,,,,,
uk,mrs,1803,,,,,,,
uk,sha,1803,,,,,,,
uk,ck,1803,,,,,,,
uk,mrs,1805,,,,,,,
uk,kge,1804,,,,,,,
uk,dh,1805,,,,,,,
uk,sag,1805,,,,,,,
uk,sha,1805,,,,,,,
ann,mda,1801,,,,,,,
ann,mrs,1802,,,,,,,
ann,cta,1802,,,,,,,
ann,kge,1802,,,,,,,
ann,sha,1802,,,,,,,
ann,mrs,1804,,,,,,,
ann,bmb,1804,,,,,,,
ann,sha,1804,,,,,,,
ann,ck,1805,,,,,,,
ann,mda,1805,,,,,,,
ann,fdn,1805,,,,,,,
mar,sag,1801,,,,,,,
mar,sha,1801,,,,,,,
dev,cgh,1802,,,,,,,
dev,mrs,1803,,,,,,,
dev,cta,1803,,,,,,,
dev,kge,1803,,,,,,,
dev,sag,1803,,,,,,,
dev,sha,1804,,,,,,,
dev,mda,1804,,,,,,,
dev,con,1805,,,,,,,
dev,bmb,1805,,,,,,,
dev,mrs,1805,,,,,,,
dsc,waa,1802,,,,,,,
dsc,sha,1803,,,,,,,
dsc,stc,1804,,,,,,,
dsc,bmb,1804,,,,,,,
dsc,mrs,1804,,,,,,,
moe,mrs,1802,,,,,,,
moe,msp,1802,,,,,,,
moe,vzg,1802,,,,,,,
moe,mrs,1802,,,,,,,
moe,bat,1802,,,,,,,
moe,aba,1802,,,,,,,
moe,tim,1803,,,,,,,
moe,aba,1803,,,,,,,
moe,sha,1803,,,,,,,
moe,mrs,1804,,,,,,,
moe,msp,1804,,,,,,,
moe,dh,1804,,,,,,,
moe,sag,1804,,,,,,,
moe,mrs,1804,,,,,,,
moe,sha,1805,,,,,,,
perv,mrs,1802,,,,,,,
perv,pag,1802,,,,,,,
perv,mlc,1802,,,,,,,
perv,waa,1802,,,,,,,
perv,sha,1803,,,,,,,
perv,waa,1805,,,,,,,
perv,mlc,1805,,,,,,,
perv,sha,1805,,,,,,,
toh,cgh,1802,,,,,,,
toh,cta,1803,,,,,,,
toh,sha,1803,,,,,,,
toh,mda,1804,,,,,,,
toh,dh,1804,,,,,,,
toh,bc,1805,,,,,,,
toh,sha,1805,,,,,,,
an,mrs,1802,,,,,,,
an,cta,1802,,,,,,,
an,kge,1802,,,,,,,
an,sha,1802,,,,,,,
an,mrs,1804,,,,,,,
an,bmb,1804,,,,,,,
an,sha,1804,,,,,,,
an,ck,1805,,,,,,,
an,mda,1805,,,,,,,
an,fdn,1805,,,,,,,
atl,ck,1801,,,,,,,
atl,rdj,1802,,,,,,,
atl,cgh,1802,,,,,,,
atl,cov,1802,,,,,,,
atl,waa,1802,,,,,,,
atl,sha,1803,,,,,,,
nhp,mda,1801,,,,,,,
nhp,bmb,1802,,,,,,,
nhp,srt,1802,,,,,,,
nhp,bmb,1802,,,,,,,
nhp,cta,1802,,,,,,,
nhp,sha,1803,,,,,,,
nhp,rdj,1803,,,,,,,
nhp,cta,1804,,,,,,,
nhp,dh,1804,,,,,,,
nhp,bng,1804,,,,,,,
nhp,sha,1804,,,,,,,
acl,mrs,1802,,,,,,,
acl,pag,1802,,,,,,,
acl,mlc,1802,,,,,,,
acl,waa,1802,,,,,,,
acl,sha,1803,,,,,,,
acl,rdj,1804,,,,,,,
acl,nfl,1804,,,,,,,
acl,waa,1805,,,,,,,
acl,mlc,1805,,,,,,,
acl,sha,1805,,,,,,,
bar,mda,1802,,,,,,,
bar,mrs,1802,,,,,,,
bar,dh,1802,,,,,,,
bar,sag,1803,,,,,,,
bar,mrs,1803,,,,,,,
bar,sha,1803,,,,,,,
bar,ck,1803,,,,,,,
bar,mrs,1804,,,,,,,
bel,kge,1805,,,,,,,
bel,sha,1805,,,,,,,
harr,cta,1803,,,,,,,
harr,kge,1803,,,,,,,
harr,sag,1803,,,,,,,
harr,sha,1804,,,,,,,
harr,mda,1804,,,,,,,
harr,mrs,1805,,,,,,,
harr,cta,1805,,,,,,,
harr,dh,1805,,,,,,,
harr,sha,1805,,,,,,,
harr,sag,1805,,,,,,,
swb,cgh,1802,,,,,,,
swb,cta,1802,,,,,,,
swb,bng,1802,,,,,,,
swb,kge,1803,,,,,,,
swb,sha,1803,,,,,,,
swb,bng,1804,,,,,,,
swb,mda,1804,,,,,,,
swb,mrs,1804,,,,,,,
swb,cta,1804,,,,,,,
swb,kge,1804,,,,,,,
swb,mrs,1805,,,,,,,
swb,sha,1805,,,,,,,
oce,bmb,1801,,,,,,,
oce,waa,1801,,,,,,,
oce,sha,1802,,,,,,,
oce,cgh,1802,,,,,,,
oce,mrs,1803,,,,,,,
oce,bmb,1803,,,,,,,
oce,mda,1805,,,,,,,
oce,mrs,1805,,,,,,,
oce,pag,1805,,,,,,,
oce,mlc,1805,,,,,,,
oce,waa,1805,,,,,,,
tig,mda,1803,,,,,,,
tig,sag,1803,,,,,,,
tig,cta,1803,,,,,,,
tig,bng,1803,,,,,,,
tig,dh,1804,,,,,,,
tig,sha,1804,,,,,,,
tig,mda,1805,,,,,,,
tig,fdn,1805,,,,,,,
loe,sha,1802,,,,,,,
loe,cgh,1802,,,,,,,
loe,ache,1803,,,,,,,
loe,cta,1803,,,,,,,
loe,kge,1803,,,,,,,
loe,sha,1803,,,,,,,
loe,ck,1803,,,,,,,
loe,mda,1804,,,,,,,
loe,cta,1804,,,,,,,
loe,bng,1805,,,,,,,
loe,sag,1805,,,,,,,
loe,bc,1805,,,,,,,
loe,sha,1805,,,,,,,
cum,cgh,1803,,,,,,,
cum,mrs,1803,,,,,,,
cum,pag,1803,,,,,,,
cum,mlc,1803,,,,,,,
cum,waa,1803,,,,,,,
cum,mlc,1804,,,,,,,
cum,pag,1804,,,,,,,
cum,sha,1804,,,,,,,
cum,mrs,1805,,,,,,,
cum,pag,1805,,,,,,,
cum,mlc,1805,,,,,,,
cum,waa,1805,,,,,,,
car,sha,1803,,,,,,,
car,cta,1803,,,,,,,
car,sag,1803,,,,,,,
car,bc,1804,,,,,,,
car,sha,1804,,,,,,,
car,mda,1805,,,,,,,
car,mrs,1805,,,,,,,
car,dh,1805,,,,,,,
car,sag,1805,,,,,,,
wex,mda,1803,,,,,,,
wex,pag,1803,,,,,,,
wex,waa,1803,,,,,,,
wex,mlc,1804,,,,,,,
wex,pag,1804,,,,,,,
wex,sha,1804,,,,,,,
wex,bmb,1805,,,,,,,
wex,pag,1805,,,,,,,
wex,mlc,1805,,,,,,,
wex,waa,1805,,,,,,,
loc,rdj,1803,,,,,,,
loc,mda,1803,,,,,,,
loc,msp,1803,,,,,,,
loc,dh,1803,,,,,,,
loc,sag,1804,,,,,,,
loc,bc,1804,,,,,,,
loc,bng,1804,,,,,,,
loc,kge,1804,,,,,,,
loc,sag,1804,,,,,,,
loc,cta,1804,,,,,,,
loc,sag,1805,,,,,,,
loc,mda,1805,,,,,,,
war,waa,1803,,,,,,,
war,mlc,1804,,,,,,,
war,pag,1804,,,,,,,
war,sha,1804,,,,,,,
war,sha,1805,,,,,,,
war,bc,1805,,,,,,,
cly,sha,1802,,,,,,,
alt,sag,1802,,,,,,,
alt,sha,1802,,,,,,,
cul,bng,1802,,,,,,,
cul,bc,1802,,,,,,,
adm,mda,1802,,,,,,,
adm,sha,1803,,,,,,,
adm,cey,1803,,,,,,,
adm,mda,1803,,,,,,,
adm,bng,1803,,,,,,,
gra,bng,1803,,,,,,,
gra,rdj,1803,,,,,,,
eur,mrs,1803,,,,,,,
eur,sag,1804,,,,,,,
eur,sha,1804,,,,,,,
eur,ck,1804,,,,,,,
eur,mda,1805,,,,,,,
laca,mda,1803,,,,,,,
laca,bng,1803,,,,,,,
laca,sag,1804,,,,,,,
laca,sha,1804,,,,,,,
laca,sha,1805,,,,,,,
laca,bng,1805,,,,,,,
swp,sag,1804,,,,,,,
swp,sha,1804,,,,,,,
swp,mda,1805,,,,,,,
hdt,sha,1803,,,,,,,
hdt,bbs,1803,,,,,,,
hdt,sha,1804,,,,,,,
hdt,mda,1804,,,,,,,
hdt,mrs,1805,,,,,,,
hdt,bng,1805,,,,,,,
hdt,sag,1805,,,,,,,
hdt,sha,1805,,,,,,,
unn,mrs,1803,,,,,,,
unn,sha,1804,,,,,,,
unn,mda,1804,,,,,,,
unn,sha,1804,,,,,,,
unn,bng,1805,,,,,,,
unn,sag,1805,,,,,,,
unn,sha,1805,,,,,,,
unn,ck,1805,,,,,,,
esx,mrs,1804,,,,,,,
esx,tcy,1804,,,,,,,
esx,bbs,1804,,,,,,,
esx,sha,1804,,,,,,,
wcs,bbs,1804,,,,,,,
wcs,mlc,1804,,,,,,,
wcs,waa,1804,,,,,,,
wcs,pag,1805,,,,,,,
wcs,sha,1805,,,,,,,
cyl,bbs,1803,,,,,,,
cyl,tcy,1803,,,,,,,
cyl,bng,1803,,,,,,,
cyl,sag,1803,,,,,,,
cyl,mrs,1804,,,,,,,
cyl,sha,1804,,,,,,,
cyl,mrs,1805,,,,,,,
cyl,bng,1805,,,,,,,
cyl,sag,1805,,,,,,,
axd,fcl,1804,,,,,,,
axd,bng,1804,,,,,,,
axd,sag,1805,,,,,,,
axd,mrs,1805,,,,,,,
axd,sha,1805,,,,,,,
epht,mrs,1804,,,,,,,
epht,cta,1804,,,,,,,
epht,sag,1804,,,,,,,
epht,mrs,1804,,,,,,,
epht,sha,1804,,,,,,,
epht,ck,1805,,,,,,,
epht,fcl,1805,,,,,,,
epht,sha,1805,,,,,,,
mra,kge,1804,,,,,,,
mra,mlc,1804,,,,,,,
mra,sha,1804,,,,,,,
dvsh,mrs,1805,,,,,,,
dvsh,dh,1805,,,,,,,
dvsh,sag,1805,,,,,,,
srry,mrs,1805,,,,,,,
srry,dh,1805,,,,,,,
srry,sag,1805,,,,,,,
lkh,mda,1804,,,,,,,
lkh,mrs,1804,,,,,,,
lkh,dh,1805,,,,,,,
lkh,sag,1805,,,,,,,
lkh,sha,1805,,,,,,,
phex,sha,1805,,,,,,,
phex,dh,1805,,,,,,,
phex,sag,1805,,,,,,,
hpe,bng,1805,,,,,,,
hpe,sha,1805,,,,,,,
jdg,ck,1805,,,,,,,
jdg,mda,1805,,,,,,,
unn,mda,1804,,,,,,,
unn,sha,1804,,,,,,,
unn,sag,1805,,,,,,,
unn,sha,1805,,,,,,,
rtt,bmb,1805,,,,,,,
ntl,mda,1805,,,,,,,
ntl,sha,1805,,,,,,,
wpt,ck,1805,,,,,,,
wpt,mda,1805,,,,,,,
shm,mda,1805,,,,,,,
hrm,mda,1805,,,,,,,
hnd,cta,1801,,,,,,,
hnd,sha,1801,,,,,,,
ntw,sha,1801,,,,,,,
ntw,cgh,1801,,,,,,,
ntw,mrs,1801,,,,,,,
ntw,cta,1801,,,,,,,
ntw,sag,1801,,,,,,,
ntw,sha,1802,,,,,,,
pnc,mrs,1802,,,,,,,
pnc,pag,1802,,,,,,,
pnc,mlc,1802,,,,,,,
pnc,waa,1802,,,,,,,
pnc,sha,1803,,,,,,,
pnc,mlc,1805,,,,,,,
pnc,sha,1805,,,,,,,
pnc,waa,1805,,,,,,,
seh,cta,1801,,,,,,,
seh,dh,1801,,,,,,,
seh,kge,1801,,,,,,,
seh,cgh,1801,,,,,,,
seh,sha,1802,,,,,,,
jbw,cta,1801,,,,,,,
jbw,sag,1801,,,,,,,
jbw,cgh,1801,,,,,,,
jbw,sha,1802,,,,,,,
sfk,cgh,1801,,,,,,,
sfk,cta,1801,,,,,,,
sfk,dh,1801,,,,,,,
eom,cta,1800,,,,,,,
eom,kge,1800,,,,,,,
eom,sha,1800,,,,,,,
skc,sha,1800,,,,,,,
skc,cta,1801,,,,,,,
skc,kge,1801,,,,,,,
skc,ang,1801,,,,,,,
skc,bmb,1801,,,,,,,
skc,sha,1801,,,,,,,
skc,sha,1802,,,,,,,
skc,cgh,1802,,,,,,,
skc,mrs,1803,,,,,,,
skc,mrs,1805,,,,,,,
skc,coc,1805,,,,,,,
skc,bmb,1805,,,,,,,
trv,cta,1801,,,,,,,
trv,bng,1801,,,,,,,
trv,ang,1801,,,,,,,
trv,bmb,1801,,,,,,,
trv,sha,1801,,,,,,,
trv,cgh,1802,,,,,,,
trv,colo,1802,,,,,,,
trv,bmb,1802,,,,,,,
trv,tcy,1803,,,,,,,
trv,cal,1803,,,,,,,
trv,sha,1803,,,,,,,
mnr,mrs,1801,,,,,,,
mnr,mrs,1802,,,,,,,
mnr,sha,1802,,,,,,,
mnr,cta,1804,,,,,,,
mnr,mrs,1804,,,,,,,
mnr,mrs,1804,,,,,,,
mnr,sha,1805,,,,,,,
mnr,sag,1805,,,,,,,
sov,coc,1801,,,,,,,
sov,bmb,1802,,,,,,,
sov,sur,1802,,,,,,,
sov,ang,1802,,,,,,,
sov,cal,1802,,,,,,,
sov,mrs,1802,,,,,,,
sov,sha,1802,,,,,,,
sov,mrs,1804,,,,,,,
sov,cal,1804,,,,,,,
sov,kge,1804,,,,,,,
col,cal,1801,,,,,,,
col,kge,1801,,,,,,,
col,colo,1801,,,,,,,
col,sha,1801,,,,,,,
col,dh,1803,,,,,,,
col,sag,1803,,,,,,,
dor,waa,1801,,,,,,,
dor,sha,1801,,,,,,,
dor,waa,1803,,,,,,,
dor,pag,1803,,,,,,,
ljd,ache,1800,,,,,,,
ljd,kge,1800,,,,,,,
ljd,sha,1801,,,,,,,
ljd,sag,1801,,,,,,,
cmt,cal,1794,,,,,,,
cmt,kge,1795,,,,,,,
cmt,sag,1795,,,,,,,
cmt,sha,1796,,,,,,,a
lm,sag,1801,,,,,,,
lm,sha,1801,,,,,,,